{
  "FilterHeaders": [
    {
      "Header": "user-agent",
      "IncludeInScript": false
    },
    {
      "Header": "upgrade-insecure-requests",
      "IncludeInScript": true
    },
    {
      "Header": "sec-fetch-user",
      "IncludeInScript": true
    },
    {
      "Header": "sec-fetch-site",
      "IncludeInScript": true
    },
    {
      "Header": "sec-fetch-mode",
      "IncludeInScript": true
    },
    {
      "Header": "sec-fetch-dest",
      "IncludeInScript": true
    },
    {
      "Header": "origin",
      "IncludeInScript": true
    },
    {
      "Header": "cache-control",
      "IncludeInScript": true
    },
    {
      "Header": "accept-language",
      "IncludeInScript": true
    },
    {
      "Header": "accept-encoding",
      "IncludeInScript": true
    },
    {
      "Header": "accept",
      "IncludeInScript": true
    }
  ],
  "FilterResources": [
    {
      "IsNonResource": true,
      "type": "text/html"
    },
    {
      "IsNonResource": false,
      "type": "text/css"
    },
    {
      "IsNonResource": false,
      "type": "image/gif"
    }
  ],
  "GeneralInfo": {
    "BrowserVersion": "",
    "IsWinInetMode": false,
    "MaxUsedConnections": 24,
    "RecordedBrowser": "Chrome",
    "RecordingDate": "May-23-2020",
    "RecordingDuration": 132093,
    "RecordingMode": "N/A",
    "RecordingTimeStamp": 1590219441,
    "RecordingType": "Browser",
    "TotalBytesReceived": 275343,
    "TotalBytesSent": 54231,
    "TotalRequests": 96,
    "UserAgent": "Mozilla/5.0 (Windows NT 10.0; Win64; x64) AppleWebKit/537.36 (KHTML, like Gecko) Chrome/81.0.4044.138 Safari/537.36"
  },
  "HostInfo": [
    {
      "DomainName": "srchmgr.com",
      "Domains": [
        {
          "HTTPVersion": "HTTP/1.1",
          "IP": "13.33.171.67",
          "IncludeInScript": false,
          "Name": "datastore.srchmgr.com",
          "Port": 443,
          "Requests": [
            {
              "CompressionType": "",
              "DataType": "application/json",
              "DownloadTime": 516,
              "EventId": 218,
              "HttpStatus": 200,
              "Size": 90,
              "URL": "https://datastore.srchmgr.com/?dataId=dbnekjagmhfhdnboiifafcodjiippljk_01E7HMNDGFGFYCWDR405R2VQWJ_uninstallData&ttlOvr=604800"
            },
            {
              "CompressionType": "",
              "DataType": "application/json",
              "DownloadTime": 359,
              "EventId": 92,
              "HttpStatus": 200,
              "Size": 0,
              "URL": "https://datastore.srchmgr.com/?dataId=dbnekjagmhfhdnboiifafcodjiippljk_01E7HMNDGFGFYCWDR405R2VQWJ_uninstallData&ttlOvr=604800"
            }
          ],
          "SSLCipher": "ECDHE-RSA-AES128-GCM-SHA256",
          "SSLVersion": "TLS1.2"
        }
      ],
      "IncludeInScript": true
    },
    {
      "DomainName": "srch.bar",
      "Domains": [
        {
          "HTTPVersion": "HTTP/1.1",
          "IP": "13.33.171.59",
          "IncludeInScript": false,
          "Name": "ib.srch.bar",
          "Port": 443,
          "Requests": [
            {
              "CompressionType": "",
              "DataType": "application/json",
              "DownloadTime": 594,
              "EventId": 337,
              "HttpStatus": 200,
              "Size": 15,
              "URL": "https://ib.srch.bar/"
            },
            {
              "CompressionType": "",
              "DataType": "application/json",
              "DownloadTime": 297,
              "EventId": 264,
              "HttpStatus": 200,
              "Size": 15,
              "URL": "https://ib.srch.bar/"
            },
            {
              "CompressionType": "",
              "DataType": "application/json",
              "DownloadTime": 297,
              "EventId": 242,
              "HttpStatus": 200,
              "Size": 15,
              "URL": "https://ib.srch.bar/"
            },
            {
              "CompressionType": "",
              "DataType": "application/json",
              "DownloadTime": 266,
              "EventId": 90,
              "HttpStatus": 200,
              "Size": 15,
              "URL": "https://ib.srch.bar/"
            }
          ],
          "SSLCipher": "ECDHE-RSA-AES128-GCM-SHA256",
          "SSLVersion": "TLS1.2"
        }
      ],
      "IncludeInScript": true
    },
    {
      "DomainName": "gstatic.com",
      "Domains": [
        {
          "HTTPVersion": "HTTP/1.1",
          "IP": "172.217.166.163",
          "IncludeInScript": false,
          "Name": "ssl.gstatic.com",
          "Port": 443,
          "Requests": [
            {
              "CompressionType": "",
              "DataType": "application/octet-stream",
              "DownloadTime": 93,
              "EventId": 106,
              "HttpStatus": 200,
              "Size": 77948,
              "URL": "https://ssl.gstatic.com/safebrowsing/csd/client_model_v5_ext_variation_0.pb"
            },
            {
              "CompressionType": "",
              "DataType": "application/octet-stream",
              "DownloadTime": 78,
              "EventId": 102,
              "HttpStatus": 200,
              "Size": 77948,
              "URL": "https://ssl.gstatic.com/safebrowsing/csd/client_model_v5_variation_0.pb"
            }
          ],
          "SSLCipher": "TLS_AES_256_GCM_SHA384",
          "SSLVersion": "TLS1.3"
        }
      ],
      "IncludeInScript": true
    },
    {
      "DomainName": "googleapis.com",
      "Domains": [
        {
          "HTTPVersion": "HTTP/1.1",
          "IP": "172.217.167.131",
          "IncludeInScript": false,
          "Name": "update.googleapis.com",
          "Port": 443,
          "Requests": [
            {
              "CompressionType": "gzip",
              "DataType": "application/json",
              "DownloadTime": 625,
              "EventId": 461,
              "HttpStatus": 200,
              "Size": 708,
              "URL": "https://update.googleapis.com/service/update2/json?cup2key=9:1495817286&cup2hreq=e7b9b01730e0afd76e1863efe23330e9056fe5ecae233ba760d4359e5bef71d4"
            }
          ],
          "SSLCipher": "TLS_AES_256_GCM_SHA384",
          "SSLVersion": "TLS1.3"
        },
        {
          "HTTPVersion": "HTTP/1.1",
          "IP": "172.217.166.74",
          "IncludeInScript": false,
          "Name": "content-autofill.googleapis.com",
          "Port": 443,
          "Requests": [
            {
              "CompressionType": "gzip",
              "DataType": "text/plain",
              "DownloadTime": 172,
              "EventId": 306,
              "HttpStatus": 200,
              "Size": 32,
              "URL": "https://content-autofill.googleapis.com/v1/pages/Chc2LjEuMTcxNS4xNDQyL2VuIChHR0xMKRIYCYn7AKgBit-PEgsN9QTFJxIAGgAiABoA?alt=proto"
            }
          ],
          "SSLCipher": "TLS_AES_256_GCM_SHA384",
          "SSLVersion": "TLS1.3"
        },
        {
          "HTTPVersion": "HTTP/1.1",
          "IP": "172.217.166.35",
          "IncludeInScript": false,
          "Name": "clientservices.googleapis.com",
          "Port": 443,
          "Requests": [
            {
              "CompressionType": "",
              "DataType": "",
              "DownloadTime": 391,
              "EventId": 94,
              "HttpStatus": 304,
              "Size": 0,
              "URL": "https://clientservices.googleapis.com/chrome-variations/seed?osname=win&channel=stable&milestone=81"
            }
          ],
          "SSLCipher": "TLS_AES_256_GCM_SHA384",
          "SSLVersion": "TLS1.3"
        }
      ],
      "IncludeInScript": true
    },
    {
      "DomainName": "cfapps.io",
      "Domains": [
        {
          "HTTPVersion": "HTTP/1.1",
          "IP": "3.225.219.38",
          "IncludeInScript": true,
          "Name": "jpetstore.cfapps.io",
          "Port": 443,
          "Requests": [
            {
              "CompressionType": "",
              "DataType": "image/gif",
              "DownloadTime": 422,
              "EventId": 680,
              "HttpStatus": 200,
              "Size": 398,
              "URL": "https://jpetstore.cfapps.io/images/sm_reptiles.gif"
            },
            {
              "CompressionType": "",
              "DataType": "image/gif",
              "DownloadTime": 422,
              "EventId": 678,
              "HttpStatus": 200,
              "Size": 306,
              "URL": "https://jpetstore.cfapps.io/images/sm_dogs.gif"
            },
            {
              "CompressionType": "",
              "DataType": "image/gif",
              "DownloadTime": 328,
              "EventId": 674,
              "HttpStatus": 200,
              "Size": 271,
              "URL": "https://jpetstore.cfapps.io/images/sm_fish.gif"
            },
            {
              "CompressionType": "",
              "DataType": "image/gif",
              "DownloadTime": 328,
              "EventId": 672,
              "HttpStatus": 200,
              "Size": 46,
              "URL": "https://jpetstore.cfapps.io/images/separator.gif"
            },
            {
              "CompressionType": "",
              "DataType": "image/gif",
              "DownloadTime": 313,
              "EventId": 670,
              "HttpStatus": 200,
              "Size": 289,
              "URL": "https://jpetstore.cfapps.io/images/sm_cats.gif"
            },
            {
              "CompressionType": "",
              "DataType": "image/gif",
              "DownloadTime": 329,
              "EventId": 668,
              "HttpStatus": 200,
              "Size": 439,
              "URL": "https://jpetstore.cfapps.io/images/fish_icon.gif"
            },
            {
              "CompressionType": "",
              "DataType": "image/gif",
              "DownloadTime": 547,
              "EventId": 666,
              "HttpStatus": 200,
              "Size": 468,
              "URL": "https://jpetstore.cfapps.io/images/dogs_icon.gif"
            },
            {
              "CompressionType": "",
              "DataType": "image/gif",
              "DownloadTime": 547,
              "EventId": 664,
              "HttpStatus": 200,
              "Size": 408,
              "URL": "https://jpetstore.cfapps.io/images/cats_icon.gif"
            },
            {
              "CompressionType": "",
              "DataType": "image/gif",
              "DownloadTime": 547,
              "EventId": 662,
              "HttpStatus": 200,
              "Size": 669,
              "URL": "https://jpetstore.cfapps.io/images/reptiles_icon.gif"
            },
            {
              "CompressionType": "",
              "DataType": "image/gif",
              "DownloadTime": 875,
              "EventId": 656,
              "HttpStatus": 200,
              "Size": 471,
              "URL": "https://jpetstore.cfapps.io/images/birds_icon.gif"
            },
            {
              "CompressionType": "",
              "DataType": "image/gif",
              "DownloadTime": 375,
              "EventId": 653,
              "HttpStatus": 200,
              "Size": 36097,
              "URL": "https://jpetstore.cfapps.io/images/splash.gif"
            },
            {
              "CompressionType": "",
              "DataType": "image/gif",
              "DownloadTime": 359,
              "EventId": 651,
              "HttpStatus": 200,
              "Size": 251,
              "URL": "https://jpetstore.cfapps.io/images/sm_birds.gif"
            },
            {
              "CompressionType": "",
              "DataType": "image/gif",
              "DownloadTime": 344,
              "EventId": 647,
              "HttpStatus": 200,
              "Size": 96,
              "URL": "https://jpetstore.cfapps.io/images/cart.gif"
            },
            {
              "CompressionType": "",
              "DataType": "image/gif",
              "DownloadTime": 328,
              "EventId": 644,
              "HttpStatus": 200,
              "Size": 3808,
              "URL": "https://jpetstore.cfapps.io/images/logo-topbar.gif"
            },
            {
              "CompressionType": "",
              "DataType": "text/css",
              "DownloadTime": 312,
              "EventId": 630,
              "HttpStatus": 200,
              "Size": 5936,
              "URL": "https://jpetstore.cfapps.io/css/jpetstore.css"
            },
            {
              "CompressionType": "",
              "DataType": "text/html",
              "DownloadTime": 328,
              "EventId": 626,
              "HttpStatus": 200,
              "Size": 6100,
              "URL": "https://jpetstore.cfapps.io/catalog"
            },
            {
              "CompressionType": "",
              "DataType": "",
              "DownloadTime": 312,
              "EventId": 624,
              "HttpStatus": 302,
              "Size": 0,
              "URL": "https://jpetstore.cfapps.io/logout"
            },
            {
              "CompressionType": "",
              "DataType": "image/gif",
              "DownloadTime": 484,
              "EventId": 606,
              "HttpStatus": 200,
              "Size": 306,
              "URL": "https://jpetstore.cfapps.io/images/sm_dogs.gif"
            },
            {
              "CompressionType": "",
              "DataType": "image/gif",
              "DownloadTime": 468,
              "EventId": 604,
              "HttpStatus": 200,
              "Size": 398,
              "URL": "https://jpetstore.cfapps.io/images/sm_reptiles.gif"
            },
            {
              "CompressionType": "",
              "DataType": "image/gif",
              "DownloadTime": 578,
              "EventId": 600,
              "HttpStatus": 200,
              "Size": 271,
              "URL": "https://jpetstore.cfapps.io/images/sm_fish.gif"
            },
            {
              "CompressionType": "",
              "DataType": "image/gif",
              "DownloadTime": 593,
              "EventId": 598,
              "HttpStatus": 200,
              "Size": 46,
              "URL": "https://jpetstore.cfapps.io/images/separator.gif"
            },
            {
              "CompressionType": "",
              "DataType": "image/gif",
              "DownloadTime": 343,
              "EventId": 596,
              "HttpStatus": 200,
              "Size": 289,
              "URL": "https://jpetstore.cfapps.io/images/sm_cats.gif"
            },
            {
              "CompressionType": "",
              "DataType": "image/gif",
              "DownloadTime": 312,
              "EventId": 594,
              "HttpStatus": 200,
              "Size": 251,
              "URL": "https://jpetstore.cfapps.io/images/sm_birds.gif"
            },
            {
              "CompressionType": "",
              "DataType": "image/gif",
              "DownloadTime": 625,
              "EventId": 592,
              "HttpStatus": 200,
              "Size": 96,
              "URL": "https://jpetstore.cfapps.io/images/cart.gif"
            },
            {
              "CompressionType": "",
              "DataType": "image/gif",
              "DownloadTime": 625,
              "EventId": 589,
              "HttpStatus": 200,
              "Size": 3808,
              "URL": "https://jpetstore.cfapps.io/images/logo-topbar.gif"
            },
            {
              "CompressionType": "",
              "DataType": "text/css",
              "DownloadTime": 594,
              "EventId": 576,
              "HttpStatus": 200,
              "Size": 5936,
              "URL": "https://jpetstore.cfapps.io/css/jpetstore.css"
            },
            {
              "CompressionType": "",
              "DataType": "text/html",
              "DownloadTime": 563,
              "EventId": 572,
              "HttpStatus": 200,
              "Size": 4169,
              "URL": "https://jpetstore.cfapps.io/my/orders"
            },
            {
              "CompressionType": "",
              "DataType": "image/gif",
              "DownloadTime": 469,
              "EventId": 554,
              "HttpStatus": 200,
              "Size": 306,
              "URL": "https://jpetstore.cfapps.io/images/sm_dogs.gif"
            },
            {
              "CompressionType": "",
              "DataType": "image/gif",
              "DownloadTime": 391,
              "EventId": 552,
              "HttpStatus": 200,
              "Size": 398,
              "URL": "https://jpetstore.cfapps.io/images/sm_reptiles.gif"
            },
            {
              "CompressionType": "",
              "DataType": "image/gif",
              "DownloadTime": 437,
              "EventId": 550,
              "HttpStatus": 200,
              "Size": 271,
              "URL": "https://jpetstore.cfapps.io/images/sm_fish.gif"
            },
            {
              "CompressionType": "",
              "DataType": "image/gif",
              "DownloadTime": 390,
              "EventId": 548,
              "HttpStatus": 200,
              "Size": 46,
              "URL": "https://jpetstore.cfapps.io/images/separator.gif"
            },
            {
              "CompressionType": "",
              "DataType": "image/gif",
              "DownloadTime": 312,
              "EventId": 546,
              "HttpStatus": 200,
              "Size": 289,
              "URL": "https://jpetstore.cfapps.io/images/sm_cats.gif"
            },
            {
              "CompressionType": "",
              "DataType": "image/gif",
              "DownloadTime": 313,
              "EventId": 544,
              "HttpStatus": 200,
              "Size": 251,
              "URL": "https://jpetstore.cfapps.io/images/sm_birds.gif"
            },
            {
              "CompressionType": "",
              "DataType": "image/gif",
              "DownloadTime": 468,
              "EventId": 540,
              "HttpStatus": 200,
              "Size": 3808,
              "URL": "https://jpetstore.cfapps.io/images/logo-topbar.gif"
            },
            {
              "CompressionType": "",
              "DataType": "image/gif",
              "DownloadTime": 453,
              "EventId": 538,
              "HttpStatus": 200,
              "Size": 96,
              "URL": "https://jpetstore.cfapps.io/images/cart.gif"
            },
            {
              "CompressionType": "",
              "DataType": "text/css",
              "DownloadTime": 875,
              "EventId": 526,
              "HttpStatus": 200,
              "Size": 5936,
              "URL": "https://jpetstore.cfapps.io/css/jpetstore.css"
            },
            {
              "CompressionType": "",
              "DataType": "text/html",
              "DownloadTime": 453,
              "EventId": 521,
              "HttpStatus": 200,
              "Size": 8359,
              "URL": "https://jpetstore.cfapps.io/my/account/update?form"
            },
            {
              "CompressionType": "",
              "DataType": "image/gif",
              "DownloadTime": 1437,
              "EventId": 502,
              "HttpStatus": 200,
              "Size": 251,
              "URL": "https://jpetstore.cfapps.io/images/sm_birds.gif"
            },
            {
              "CompressionType": "",
              "DataType": "image/gif",
              "DownloadTime": 734,
              "EventId": 499,
              "HttpStatus": 200,
              "Size": 471,
              "URL": "https://jpetstore.cfapps.io/images/birds_icon.gif"
            },
            {
              "CompressionType": "",
              "DataType": "image/gif",
              "DownloadTime": 453,
              "EventId": 496,
              "HttpStatus": 200,
              "Size": 36097,
              "URL": "https://jpetstore.cfapps.io/images/splash.gif"
            },
            {
              "CompressionType": "",
              "DataType": "image/gif",
              "DownloadTime": 421,
              "EventId": 494,
              "HttpStatus": 200,
              "Size": 408,
              "URL": "https://jpetstore.cfapps.io/images/cats_icon.gif"
            },
            {
              "CompressionType": "",
              "DataType": "image/gif",
              "DownloadTime": 640,
              "EventId": 492,
              "HttpStatus": 200,
              "Size": 439,
              "URL": "https://jpetstore.cfapps.io/images/fish_icon.gif"
            },
            {
              "CompressionType": "",
              "DataType": "image/gif",
              "DownloadTime": 625,
              "EventId": 490,
              "HttpStatus": 200,
              "Size": 669,
              "URL": "https://jpetstore.cfapps.io/images/reptiles_icon.gif"
            },
            {
              "CompressionType": "",
              "DataType": "image/gif",
              "DownloadTime": 625,
              "EventId": 488,
              "HttpStatus": 200,
              "Size": 289,
              "URL": "https://jpetstore.cfapps.io/images/sm_cats.gif"
            },
            {
              "CompressionType": "",
              "DataType": "image/gif",
              "DownloadTime": 594,
              "EventId": 486,
              "HttpStatus": 200,
              "Size": 468,
              "URL": "https://jpetstore.cfapps.io/images/dogs_icon.gif"
            },
            {
              "CompressionType": "",
              "DataType": "image/gif",
              "DownloadTime": 609,
              "EventId": 484,
              "HttpStatus": 200,
              "Size": 398,
              "URL": "https://jpetstore.cfapps.io/images/sm_reptiles.gif"
            },
            {
              "CompressionType": "",
              "DataType": "image/gif",
              "DownloadTime": 578,
              "EventId": 480,
              "HttpStatus": 200,
              "Size": 306,
              "URL": "https://jpetstore.cfapps.io/images/sm_dogs.gif"
            },
            {
              "CompressionType": "",
              "DataType": "image/gif",
              "DownloadTime": 578,
              "EventId": 478,
              "HttpStatus": 200,
              "Size": 271,
              "URL": "https://jpetstore.cfapps.io/images/sm_fish.gif"
            },
            {
              "CompressionType": "",
              "DataType": "image/gif",
              "DownloadTime": 594,
              "EventId": 476,
              "HttpStatus": 200,
              "Size": 3808,
              "URL": "https://jpetstore.cfapps.io/images/logo-topbar.gif"
            },
            {
              "CompressionType": "",
              "DataType": "text/css",
              "DownloadTime": 578,
              "EventId": 474,
              "HttpStatus": 200,
              "Size": 5936,
              "URL": "https://jpetstore.cfapps.io/css/jpetstore.css"
            },
            {
              "CompressionType": "",
              "DataType": "image/gif",
              "DownloadTime": 562,
              "EventId": 472,
              "HttpStatus": 200,
              "Size": 96,
              "URL": "https://jpetstore.cfapps.io/images/cart.gif"
            },
            {
              "CompressionType": "",
              "DataType": "image/gif",
              "DownloadTime": 547,
              "EventId": 470,
              "HttpStatus": 200,
              "Size": 46,
              "URL": "https://jpetstore.cfapps.io/images/separator.gif"
            },
            {
              "CompressionType": "",
              "DataType": "text/html",
              "DownloadTime": 453,
              "EventId": 467,
              "HttpStatus": 200,
              "Size": 6305,
              "URL": "https://jpetstore.cfapps.io/catalog"
            },
            {
              "CompressionType": "",
              "DataType": "",
              "DownloadTime": 1531,
              "EventId": 465,
              "HttpStatus": 302,
              "Size": 0,
              "URL": "https://jpetstore.cfapps.io/login"
            },
            {
              "CompressionType": "",
              "DataType": "image/gif",
              "DownloadTime": 438,
              "EventId": 451,
              "HttpStatus": 200,
              "Size": 398,
              "URL": "https://jpetstore.cfapps.io/images/sm_reptiles.gif"
            },
            {
              "CompressionType": "",
              "DataType": "image/gif",
              "DownloadTime": 453,
              "EventId": 449,
              "HttpStatus": 200,
              "Size": 306,
              "URL": "https://jpetstore.cfapps.io/images/sm_dogs.gif"
            },
            {
              "CompressionType": "",
              "DataType": "image/gif",
              "DownloadTime": 312,
              "EventId": 447,
              "HttpStatus": 200,
              "Size": 271,
              "URL": "https://jpetstore.cfapps.io/images/sm_fish.gif"
            },
            {
              "CompressionType": "",
              "DataType": "image/gif",
              "DownloadTime": 297,
              "EventId": 445,
              "HttpStatus": 200,
              "Size": 289,
              "URL": "https://jpetstore.cfapps.io/images/sm_cats.gif"
            },
            {
              "CompressionType": "",
              "DataType": "image/gif",
              "DownloadTime": 328,
              "EventId": 443,
              "HttpStatus": 200,
              "Size": 251,
              "URL": "https://jpetstore.cfapps.io/images/sm_birds.gif"
            },
            {
              "CompressionType": "",
              "DataType": "image/gif",
              "DownloadTime": 328,
              "EventId": 439,
              "HttpStatus": 200,
              "Size": 46,
              "URL": "https://jpetstore.cfapps.io/images/separator.gif"
            },
            {
              "CompressionType": "",
              "DataType": "image/gif",
              "DownloadTime": 297,
              "EventId": 437,
              "HttpStatus": 200,
              "Size": 96,
              "URL": "https://jpetstore.cfapps.io/images/cart.gif"
            },
            {
              "CompressionType": "",
              "DataType": "image/gif",
              "DownloadTime": 312,
              "EventId": 435,
              "HttpStatus": 200,
              "Size": 3808,
              "URL": "https://jpetstore.cfapps.io/images/logo-topbar.gif"
            },
            {
              "CompressionType": "",
              "DataType": "text/css",
              "DownloadTime": 328,
              "EventId": 415,
              "HttpStatus": 200,
              "Size": 5936,
              "URL": "https://jpetstore.cfapps.io/css/jpetstore.css"
            },
            {
              "CompressionType": "",
              "DataType": "text/html",
              "DownloadTime": 328,
              "EventId": 409,
              "HttpStatus": 200,
              "Size": 4195,
              "URL": "https://jpetstore.cfapps.io/login"
            },
            {
              "CompressionType": "",
              "DataType": "image/gif",
              "DownloadTime": 469,
              "EventId": 394,
              "HttpStatus": 200,
              "Size": 398,
              "URL": "https://jpetstore.cfapps.io/images/sm_reptiles.gif"
            },
            {
              "CompressionType": "",
              "DataType": "image/gif",
              "DownloadTime": 469,
              "EventId": 392,
              "HttpStatus": 200,
              "Size": 306,
              "URL": "https://jpetstore.cfapps.io/images/sm_dogs.gif"
            },
            {
              "CompressionType": "",
              "DataType": "image/gif",
              "DownloadTime": 469,
              "EventId": 390,
              "HttpStatus": 200,
              "Size": 408,
              "URL": "https://jpetstore.cfapps.io/images/cats_icon.gif"
            },
            {
              "CompressionType": "",
              "DataType": "image/gif",
              "DownloadTime": 406,
              "EventId": 388,
              "HttpStatus": 200,
              "Size": 271,
              "URL": "https://jpetstore.cfapps.io/images/sm_fish.gif"
            },
            {
              "CompressionType": "",
              "DataType": "image/gif",
              "DownloadTime": 484,
              "EventId": 384,
              "HttpStatus": 200,
              "Size": 251,
              "URL": "https://jpetstore.cfapps.io/images/sm_birds.gif"
            },
            {
              "CompressionType": "",
              "DataType": "image/gif",
              "DownloadTime": 469,
              "EventId": 382,
              "HttpStatus": 200,
              "Size": 439,
              "URL": "https://jpetstore.cfapps.io/images/fish_icon.gif"
            },
            {
              "CompressionType": "",
              "DataType": "image/gif",
              "DownloadTime": 469,
              "EventId": 380,
              "HttpStatus": 200,
              "Size": 468,
              "URL": "https://jpetstore.cfapps.io/images/dogs_icon.gif"
            },
            {
              "CompressionType": "",
              "DataType": "image/gif",
              "DownloadTime": 484,
              "EventId": 378,
              "HttpStatus": 200,
              "Size": 289,
              "URL": "https://jpetstore.cfapps.io/images/sm_cats.gif"
            },
            {
              "CompressionType": "",
              "DataType": "image/gif",
              "DownloadTime": 641,
              "EventId": 374,
              "HttpStatus": 200,
              "Size": 471,
              "URL": "https://jpetstore.cfapps.io/images/birds_icon.gif"
            },
            {
              "CompressionType": "",
              "DataType": "image/gif",
              "DownloadTime": 641,
              "EventId": 372,
              "HttpStatus": 200,
              "Size": 36097,
              "URL": "https://jpetstore.cfapps.io/images/splash.gif"
            },
            {
              "CompressionType": "",
              "DataType": "image/gif",
              "DownloadTime": 360,
              "EventId": 370,
              "HttpStatus": 200,
              "Size": 669,
              "URL": "https://jpetstore.cfapps.io/images/reptiles_icon.gif"
            },
            {
              "CompressionType": "",
              "DataType": "image/gif",
              "DownloadTime": 437,
              "EventId": 366,
              "HttpStatus": 200,
              "Size": 46,
              "URL": "https://jpetstore.cfapps.io/images/separator.gif"
            },
            {
              "CompressionType": "",
              "DataType": "image/gif",
              "DownloadTime": 422,
              "EventId": 364,
              "HttpStatus": 200,
              "Size": 96,
              "URL": "https://jpetstore.cfapps.io/images/cart.gif"
            },
            {
              "CompressionType": "",
              "DataType": "image/gif",
              "DownloadTime": 406,
              "EventId": 362,
              "HttpStatus": 200,
              "Size": 3808,
              "URL": "https://jpetstore.cfapps.io/images/logo-topbar.gif"
            },
            {
              "CompressionType": "",
              "DataType": "text/css",
              "DownloadTime": 344,
              "EventId": 349,
              "HttpStatus": 200,
              "Size": 5936,
              "URL": "https://jpetstore.cfapps.io/css/jpetstore.css"
            },
            {
              "CompressionType": "",
              "DataType": "text/html",
              "DownloadTime": 328,
              "EventId": 343,
              "HttpStatus": 200,
              "Size": 6100,
              "URL": "https://jpetstore.cfapps.io/catalog"
            },
            {
              "CompressionType": "",
              "DataType": "image/gif",
              "DownloadTime": 359,
              "EventId": 298,
              "HttpStatus": 200,
              "Size": 306,
              "URL": "https://jpetstore.cfapps.io/images/sm_dogs.gif"
            },
            {
              "CompressionType": "",
              "DataType": "image/gif",
              "DownloadTime": 343,
              "EventId": 296,
              "HttpStatus": 200,
              "Size": 398,
              "URL": "https://jpetstore.cfapps.io/images/sm_reptiles.gif"
            },
            {
              "CompressionType": "",
              "DataType": "image/gif",
              "DownloadTime": 344,
              "EventId": 294,
              "HttpStatus": 200,
              "Size": 271,
              "URL": "https://jpetstore.cfapps.io/images/sm_fish.gif"
            },
            {
              "CompressionType": "",
              "DataType": "image/gif",
              "DownloadTime": 344,
              "EventId": 292,
              "HttpStatus": 200,
              "Size": 289,
              "URL": "https://jpetstore.cfapps.io/images/sm_cats.gif"
            },
            {
              "CompressionType": "",
              "DataType": "image/gif",
              "DownloadTime": 937,
              "EventId": 289,
              "HttpStatus": 200,
              "Size": 471,
              "URL": "https://jpetstore.cfapps.io/images/birds_icon.gif"
            },
            {
              "CompressionType": "",
              "DataType": "image/gif",
              "DownloadTime": 578,
              "EventId": 286,
              "HttpStatus": 200,
              "Size": 36097,
              "URL": "https://jpetstore.cfapps.io/images/splash.gif"
            },
            {
              "CompressionType": "",
              "DataType": "image/gif",
              "DownloadTime": 328,
              "EventId": 284,
              "HttpStatus": 200,
              "Size": 408,
              "URL": "https://jpetstore.cfapps.io/images/cats_icon.gif"
            },
            {
              "CompressionType": "",
              "DataType": "image/gif",
              "DownloadTime": 328,
              "EventId": 282,
              "HttpStatus": 200,
              "Size": 439,
              "URL": "https://jpetstore.cfapps.io/images/fish_icon.gif"
            },
            {
              "CompressionType": "",
              "DataType": "image/gif",
              "DownloadTime": 391,
              "EventId": 278,
              "HttpStatus": 200,
              "Size": 468,
              "URL": "https://jpetstore.cfapps.io/images/dogs_icon.gif"
            },
            {
              "CompressionType": "",
              "DataType": "image/gif",
              "DownloadTime": 391,
              "EventId": 276,
              "HttpStatus": 200,
              "Size": 251,
              "URL": "https://jpetstore.cfapps.io/images/sm_birds.gif"
            },
            {
              "CompressionType": "",
              "DataType": "image/gif",
              "DownloadTime": 375,
              "EventId": 274,
              "HttpStatus": 200,
              "Size": 669,
              "URL": "https://jpetstore.cfapps.io/images/reptiles_icon.gif"
            },
            {
              "CompressionType": "",
              "DataType": "image/gif",
              "DownloadTime": 343,
              "EventId": 272,
              "HttpStatus": 200,
              "Size": 46,
              "URL": "https://jpetstore.cfapps.io/images/separator.gif"
            },
            {
              "CompressionType": "",
              "DataType": "image/gif",
              "DownloadTime": 328,
              "EventId": 270,
              "HttpStatus": 200,
              "Size": 96,
              "URL": "https://jpetstore.cfapps.io/images/cart.gif"
            },
            {
              "CompressionType": "",
              "DataType": "image/gif",
              "DownloadTime": 312,
              "EventId": 267,
              "HttpStatus": 200,
              "Size": 3808,
              "URL": "https://jpetstore.cfapps.io/images/logo-topbar.gif"
            },
            {
              "CompressionType": "",
              "DataType": "text/css",
              "DownloadTime": 453,
              "EventId": 246,
              "HttpStatus": 200,
              "Size": 5936,
              "URL": "https://jpetstore.cfapps.io/css/jpetstore.css"
            },
            {
              "CompressionType": "",
              "DataType": "text/html",
              "DownloadTime": 344,
              "EventId": 164,
              "HttpStatus": 200,
              "Size": 6100,
              "URL": "https://jpetstore.cfapps.io/catalog"
            }
          ],
          "SSLCipher": "ECDHE-RSA-AES128-GCM-SHA256",
          "SSLVersion": "TLS1.2"
        }
      ],
      "IncludeInScript": true
    }
  ],
  "WebSocket": {
    "IncludeInScript": false,
    "IsScriptIncludeWebSocket": false
  },
  "NumberOfCorrelations": 0
}